[
{
  "model": "admin.logentry",
  "pk": 1,
  "fields": {
    "action_time": "2024-11-30T20:30:33.980Z",
    "user": 2,
    "content_type": 6,
    "object_id": "3",
    "object_repr": "Erik Arabyan",
    "action_flag": 2,
    "change_message": "[{\"changed\": {\"fields\": [\"Username\"]}}]"
  }
},
{
  "model": "admin.logentry",
  "pk": 2,
  "fields": {
    "action_time": "2024-11-30T20:31:05.874Z",
    "user": 2,
    "content_type": 6,
    "object_id": "3",
    "object_repr": "Erik Arabyan",
    "action_flag": 2,
    "change_message": "[{\"changed\": {\"fields\": [\"Username\"]}}]"
  }
},
{
  "model": "admin.logentry",
  "pk": 3,
  "fields": {
    "action_time": "2024-11-30T20:35:39.416Z",
    "user": 2,
    "content_type": 6,
    "object_id": "3",
    "object_repr": "Erik Arabyan",
    "action_flag": 2,
    "change_message": "[{\"changed\": {\"fields\": [\"Username\"]}}]"
  }
},
{
  "model": "admin.logentry",
  "pk": 4,
  "fields": {
    "action_time": "2024-11-30T21:06:27.448Z",
    "user": 2,
    "content_type": 9,
    "object_id": "1",
    "object_repr": "Best picture",
    "action_flag": 1,
    "change_message": "[{\"added\": {}}]"
  }
},
{
  "model": "admin.logentry",
  "pk": 5,
  "fields": {
    "action_time": "2024-11-30T21:06:32.040Z",
    "user": 2,
    "content_type": 9,
    "object_id": "2",
    "object_repr": "Best actor",
    "action_flag": 1,
    "change_message": "[{\"added\": {}}]"
  }
},
{
  "model": "admin.logentry",
  "pk": 6,
  "fields": {
    "action_time": "2024-11-30T21:06:36.166Z",
    "user": 2,
    "content_type": 9,
    "object_id": "3",
    "object_repr": "Best actress",
    "action_flag": 1,
    "change_message": "[{\"added\": {}}]"
  }
},
{
  "model": "admin.logentry",
  "pk": 7,
  "fields": {
    "action_time": "2024-11-30T21:06:40.699Z",
    "user": 2,
    "content_type": 9,
    "object_id": "4",
    "object_repr": "Best supporting actress",
    "action_flag": 1,
    "change_message": "[{\"added\": {}}]"
  }
},
{
  "model": "admin.logentry",
  "pk": 8,
  "fields": {
    "action_time": "2024-11-30T21:06:44.755Z",
    "user": 2,
    "content_type": 9,
    "object_id": "5",
    "object_repr": "Best supporting actor",
    "action_flag": 1,
    "change_message": "[{\"added\": {}}]"
  }
},
{
  "model": "admin.logentry",
  "pk": 9,
  "fields": {
    "action_time": "2024-11-30T21:06:49.197Z",
    "user": 2,
    "content_type": 9,
    "object_id": "6",
    "object_repr": "Best director",
    "action_flag": 1,
    "change_message": "[{\"added\": {}}]"
  }
},
{
  "model": "admin.logentry",
  "pk": 10,
  "fields": {
    "action_time": "2024-11-30T21:06:52.837Z",
    "user": 2,
    "content_type": 9,
    "object_id": "7",
    "object_repr": "Best adapted screenplay",
    "action_flag": 1,
    "change_message": "[{\"added\": {}}]"
  }
},
{
  "model": "admin.logentry",
  "pk": 11,
  "fields": {
    "action_time": "2024-11-30T21:07:00.580Z",
    "user": 2,
    "content_type": 9,
    "object_id": "8",
    "object_repr": "Best original screenplay",
    "action_flag": 1,
    "change_message": "[{\"added\": {}}]"
  }
},
{
  "model": "admin.logentry",
  "pk": 12,
  "fields": {
    "action_time": "2024-11-30T21:07:06.655Z",
    "user": 2,
    "content_type": 9,
    "object_id": "9",
    "object_repr": "Best original song",
    "action_flag": 1,
    "change_message": "[{\"added\": {}}]"
  }
},
{
  "model": "admin.logentry",
  "pk": 13,
  "fields": {
    "action_time": "2024-11-30T21:07:11.108Z",
    "user": 2,
    "content_type": 9,
    "object_id": "10",
    "object_repr": "Best original score",
    "action_flag": 1,
    "change_message": "[{\"added\": {}}]"
  }
},
{
  "model": "admin.logentry",
  "pk": 14,
  "fields": {
    "action_time": "2024-11-30T21:07:15.421Z",
    "user": 2,
    "content_type": 9,
    "object_id": "11",
    "object_repr": "Best international feature",
    "action_flag": 1,
    "change_message": "[{\"added\": {}}]"
  }
},
{
  "model": "admin.logentry",
  "pk": 15,
  "fields": {
    "action_time": "2024-11-30T21:07:21.355Z",
    "user": 2,
    "content_type": 9,
    "object_id": "12",
    "object_repr": "Best animated feature",
    "action_flag": 1,
    "change_message": "[{\"added\": {}}]"
  }
},
{
  "model": "admin.logentry",
  "pk": 16,
  "fields": {
    "action_time": "2024-11-30T21:07:27.276Z",
    "user": 2,
    "content_type": 9,
    "object_id": "13",
    "object_repr": "Best documentary feature",
    "action_flag": 1,
    "change_message": "[{\"added\": {}}]"
  }
},
{
  "model": "admin.logentry",
  "pk": 17,
  "fields": {
    "action_time": "2024-11-30T21:07:30.998Z",
    "user": 2,
    "content_type": 9,
    "object_id": "14",
    "object_repr": "Best costume design",
    "action_flag": 1,
    "change_message": "[{\"added\": {}}]"
  }
},
{
  "model": "admin.logentry",
  "pk": 18,
  "fields": {
    "action_time": "2024-11-30T21:07:35.526Z",
    "user": 2,
    "content_type": 9,
    "object_id": "15",
    "object_repr": "Best make-up and hairstyling",
    "action_flag": 1,
    "change_message": "[{\"added\": {}}]"
  }
},
{
  "model": "admin.logentry",
  "pk": 19,
  "fields": {
    "action_time": "2024-11-30T21:07:39.105Z",
    "user": 2,
    "content_type": 9,
    "object_id": "16",
    "object_repr": "Best production design",
    "action_flag": 1,
    "change_message": "[{\"added\": {}}]"
  }
},
{
  "model": "admin.logentry",
  "pk": 20,
  "fields": {
    "action_time": "2024-11-30T21:07:43.202Z",
    "user": 2,
    "content_type": 9,
    "object_id": "17",
    "object_repr": "Best sound",
    "action_flag": 1,
    "change_message": "[{\"added\": {}}]"
  }
},
{
  "model": "admin.logentry",
  "pk": 21,
  "fields": {
    "action_time": "2024-11-30T21:07:46.912Z",
    "user": 2,
    "content_type": 9,
    "object_id": "18",
    "object_repr": "Best film editing",
    "action_flag": 1,
    "change_message": "[{\"added\": {}}]"
  }
},
{
  "model": "admin.logentry",
  "pk": 22,
  "fields": {
    "action_time": "2024-11-30T21:07:51.300Z",
    "user": 2,
    "content_type": 9,
    "object_id": "19",
    "object_repr": "Best cinematography",
    "action_flag": 1,
    "change_message": "[{\"added\": {}}]"
  }
},
{
  "model": "admin.logentry",
  "pk": 23,
  "fields": {
    "action_time": "2024-11-30T21:07:55.723Z",
    "user": 2,
    "content_type": 9,
    "object_id": "20",
    "object_repr": "Best visual effects",
    "action_flag": 1,
    "change_message": "[{\"added\": {}}]"
  }
},
{
  "model": "admin.logentry",
  "pk": 24,
  "fields": {
    "action_time": "2024-11-30T21:07:59.434Z",
    "user": 2,
    "content_type": 9,
    "object_id": "21",
    "object_repr": "Best live action short",
    "action_flag": 1,
    "change_message": "[{\"added\": {}}]"
  }
},
{
  "model": "admin.logentry",
  "pk": 25,
  "fields": {
    "action_time": "2024-11-30T21:08:03.881Z",
    "user": 2,
    "content_type": 9,
    "object_id": "22",
    "object_repr": "Best animated short",
    "action_flag": 1,
    "change_message": "[{\"added\": {}}]"
  }
},
{
  "model": "admin.logentry",
  "pk": 26,
  "fields": {
    "action_time": "2024-11-30T21:08:07.725Z",
    "user": 2,
    "content_type": 9,
    "object_id": "23",
    "object_repr": "Best documentary short",
    "action_flag": 1,
    "change_message": "[{\"added\": {}}]"
  }
},
{
  "model": "admin.logentry",
  "pk": 27,
  "fields": {
    "action_time": "2024-11-30T21:10:18.189Z",
    "user": 2,
    "content_type": 7,
    "object_id": "1",
    "object_repr": "Netflix Film Studios",
    "action_flag": 1,
    "change_message": "[{\"added\": {}}]"
  }
},
{
  "model": "admin.logentry",
  "pk": 28,
  "fields": {
    "action_time": "2024-11-30T21:10:23.432Z",
    "user": 2,
    "content_type": 7,
    "object_id": "2",
    "object_repr": "Warner Bros. Pictures",
    "action_flag": 1,
    "change_message": "[{\"added\": {}}]"
  }
},
{
  "model": "admin.logentry",
  "pk": 29,
  "fields": {
    "action_time": "2024-11-30T21:10:28.312Z",
    "user": 2,
    "content_type": 7,
    "object_id": "3",
    "object_repr": "20th Century Studios (formerly 20th Fox)",
    "action_flag": 1,
    "change_message": "[{\"added\": {}}]"
  }
},
{
  "model": "admin.logentry",
  "pk": 30,
  "fields": {
    "action_time": "2024-11-30T21:10:32.239Z",
    "user": 2,
    "content_type": 7,
    "object_id": "4",
    "object_repr": "Sony Pictures Motion Picture Group",
    "action_flag": 1,
    "change_message": "[{\"added\": {}}]"
  }
},
{
  "model": "admin.logentry",
  "pk": 31,
  "fields": {
    "action_time": "2024-11-30T21:10:36.558Z",
    "user": 2,
    "content_type": 7,
    "object_id": "5",
    "object_repr": "Lionsgate Films",
    "action_flag": 1,
    "change_message": "[{\"added\": {}}]"
  }
},
{
  "model": "admin.logentry",
  "pk": 32,
  "fields": {
    "action_time": "2024-11-30T21:10:41.396Z",
    "user": 2,
    "content_type": 7,
    "object_id": "6",
    "object_repr": "A24 Films",
    "action_flag": 1,
    "change_message": "[{\"added\": {}}]"
  }
},
{
  "model": "admin.logentry",
  "pk": 33,
  "fields": {
    "action_time": "2024-11-30T21:10:45.059Z",
    "user": 2,
    "content_type": 7,
    "object_id": "7",
    "object_repr": "Bad Robot Productions",
    "action_flag": 1,
    "change_message": "[{\"added\": {}}]"
  }
},
{
  "model": "admin.logentry",
  "pk": 34,
  "fields": {
    "action_time": "2024-11-30T21:10:49.389Z",
    "user": 2,
    "content_type": 7,
    "object_id": "8",
    "object_repr": "Legendary Entertainment",
    "action_flag": 1,
    "change_message": "[{\"added\": {}}]"
  }
},
{
  "model": "admin.logentry",
  "pk": 35,
  "fields": {
    "action_time": "2024-11-30T21:10:56.465Z",
    "user": 2,
    "content_type": 7,
    "object_id": "9",
    "object_repr": "Focus Features",
    "action_flag": 1,
    "change_message": "[{\"added\": {}}]"
  }
},
{
  "model": "admin.logentry",
  "pk": 36,
  "fields": {
    "action_time": "2024-11-30T21:11:01.129Z",
    "user": 2,
    "content_type": 7,
    "object_id": "10",
    "object_repr": "BBC Films",
    "action_flag": 1,
    "change_message": "[{\"added\": {}}]"
  }
},
{
  "model": "admin.logentry",
  "pk": 37,
  "fields": {
    "action_time": "2024-11-30T21:11:29.635Z",
    "user": 2,
    "content_type": 6,
    "object_id": "3",
    "object_repr": "Erik Arabyan",
    "action_flag": 2,
    "change_message": "[{\"changed\": {\"fields\": [\"Is director\", \"Is distributor\", \"Is art director\", \"Is editor\"]}}]"
  }
},
{
  "model": "admin.logentry",
  "pk": 38,
  "fields": {
    "action_time": "2024-11-30T21:15:13.695Z",
    "user": 2,
    "content_type": 10,
    "object_id": "1",
    "object_repr": "preview/Paul_Anka__Put_Your_Head_On_My_Shoulder_Letra__video.mp4",
    "action_flag": 1,
    "change_message": "[{\"added\": {}}]"
  }
},
{
  "model": "admin.logentry",
  "pk": 39,
  "fields": {
    "action_time": "2024-11-30T21:15:21.837Z",
    "user": 2,
    "content_type": 13,
    "object_id": "1",
    "object_repr": "films/Paul_Anka__Put_Your_Head_On_My_Shoulder_Letra__video.mp4",
    "action_flag": 1,
    "change_message": "[{\"added\": {}}]"
  }
},
{
  "model": "admin.logentry",
  "pk": 40,
  "fields": {
    "action_time": "2024-11-30T21:15:26.435Z",
    "user": 2,
    "content_type": 12,
    "object_id": "1",
    "object_repr": "trailers/Paul_Anka__Put_Your_Head_On_My_Shoulder_Letra__video.mp4",
    "action_flag": 1,
    "change_message": "[{\"added\": {}}]"
  }
},
{
  "model": "admin.logentry",
  "pk": 41,
  "fields": {
    "action_time": "2024-11-30T21:15:31.130Z",
    "user": 2,
    "content_type": 11,
    "object_id": "1",
    "object_repr": "teasers/Paul_Anka__Put_Your_Head_On_My_Shoulder_Letra__video.mp4",
    "action_flag": 1,
    "change_message": "[{\"added\": {}}]"
  }
},
{
  "model": "admin.logentry",
  "pk": 42,
  "fields": {
    "action_time": "2024-11-30T21:16:09.868Z",
    "user": 2,
    "content_type": 8,
    "object_id": "1",
    "object_repr": "Action",
    "action_flag": 1,
    "change_message": "[{\"added\": {}}]"
  }
},
{
  "model": "admin.logentry",
  "pk": 43,
  "fields": {
    "action_time": "2024-11-30T21:16:14.425Z",
    "user": 2,
    "content_type": 8,
    "object_id": "2",
    "object_repr": "Drama",
    "action_flag": 1,
    "change_message": "[{\"added\": {}}]"
  }
},
{
  "model": "admin.logentry",
  "pk": 44,
  "fields": {
    "action_time": "2024-11-30T21:16:17.817Z",
    "user": 2,
    "content_type": 8,
    "object_id": "3",
    "object_repr": "Comedy",
    "action_flag": 1,
    "change_message": "[{\"added\": {}}]"
  }
},
{
  "model": "admin.logentry",
  "pk": 45,
  "fields": {
    "action_time": "2024-11-30T21:16:22.828Z",
    "user": 2,
    "content_type": 8,
    "object_id": "4",
    "object_repr": "Thriller",
    "action_flag": 1,
    "change_message": "[{\"added\": {}}]"
  }
},
{
  "model": "admin.logentry",
  "pk": 46,
  "fields": {
    "action_time": "2024-11-30T21:16:26.698Z",
    "user": 2,
    "content_type": 8,
    "object_id": "5",
    "object_repr": "Horror",
    "action_flag": 1,
    "change_message": "[{\"added\": {}}]"
  }
},
{
  "model": "admin.logentry",
  "pk": 47,
  "fields": {
    "action_time": "2024-11-30T21:16:31.001Z",
    "user": 2,
    "content_type": 8,
    "object_id": "6",
    "object_repr": "Romance",
    "action_flag": 1,
    "change_message": "[{\"added\": {}}]"
  }
},
{
  "model": "admin.logentry",
  "pk": 48,
  "fields": {
    "action_time": "2024-11-30T21:16:36.298Z",
    "user": 2,
    "content_type": 8,
    "object_id": "7",
    "object_repr": "Science Fiction",
    "action_flag": 1,
    "change_message": "[{\"added\": {}}]"
  }
},
{
  "model": "admin.logentry",
  "pk": 49,
  "fields": {
    "action_time": "2024-11-30T21:16:40.444Z",
    "user": 2,
    "content_type": 8,
    "object_id": "8",
    "object_repr": "Fantasy",
    "action_flag": 1,
    "change_message": "[{\"added\": {}}]"
  }
},
{
  "model": "admin.logentry",
  "pk": 50,
  "fields": {
    "action_time": "2024-11-30T21:16:45.818Z",
    "user": 2,
    "content_type": 8,
    "object_id": "9",
    "object_repr": "Adventure",
    "action_flag": 1,
    "change_message": "[{\"added\": {}}]"
  }
},
{
  "model": "admin.logentry",
  "pk": 51,
  "fields": {
    "action_time": "2024-11-30T21:16:49.103Z",
    "user": 2,
    "content_type": 8,
    "object_id": "10",
    "object_repr": "Documentary",
    "action_flag": 1,
    "change_message": "[{\"added\": {}}]"
  }
},
{
  "model": "admin.logentry",
  "pk": 52,
  "fields": {
    "action_time": "2024-11-30T21:16:57.399Z",
    "user": 2,
    "content_type": 14,
    "object_id": "1",
    "object_repr": "Under Paris",
    "action_flag": 1,
    "change_message": "[{\"added\": {}}]"
  }
},
{
  "model": "admin.logentry",
  "pk": 53,
  "fields": {
    "action_time": "2024-11-30T21:20:12.482Z",
    "user": 2,
    "content_type": 14,
    "object_id": "2",
    "object_repr": "Damsel",
    "action_flag": 1,
    "change_message": "[{\"added\": {}}]"
  }
},
{
  "model": "admin.logentry",
  "pk": 54,
  "fields": {
    "action_time": "2024-11-30T21:20:34.956Z",
    "user": 2,
    "content_type": 14,
    "object_id": "1",
    "object_repr": "Under Paris",
    "action_flag": 2,
    "change_message": "[{\"changed\": {\"fields\": [\"Genres\"]}}]"
  }
},
{
  "model": "admin.logentry",
  "pk": 55,
  "fields": {
    "action_time": "2024-11-30T21:25:05.870Z",
    "user": 2,
    "content_type": 14,
    "object_id": "2",
    "object_repr": "Damsel",
    "action_flag": 2,
    "change_message": "[{\"changed\": {\"fields\": [\"Genres\"]}}]"
  }
},
{
  "model": "admin.logentry",
  "pk": 56,
  "fields": {
    "action_time": "2024-11-30T21:25:12.187Z",
    "user": 2,
    "content_type": 14,
    "object_id": "1",
    "object_repr": "Under Paris",
    "action_flag": 2,
    "change_message": "[{\"changed\": {\"fields\": [\"Genres\"]}}]"
  }
},
{
  "model": "admin.logentry",
  "pk": 57,
  "fields": {
    "action_time": "2024-11-30T21:26:13.236Z",
    "user": 2,
    "content_type": 14,
    "object_id": "3",
    "object_repr": "Unbroken",
    "action_flag": 1,
    "change_message": "[{\"added\": {}}]"
  }
},
{
  "model": "admin.logentry",
  "pk": 58,
  "fields": {
    "action_time": "2024-11-30T21:27:56.468Z",
    "user": 2,
    "content_type": 14,
    "object_id": "4",
    "object_repr": "12 Hours",
    "action_flag": 1,
    "change_message": "[{\"added\": {}}]"
  }
},
{
  "model": "admin.logentry",
  "pk": 59,
  "fields": {
    "action_time": "2024-11-30T21:28:03.189Z",
    "user": 2,
    "content_type": 14,
    "object_id": "4",
    "object_repr": "13 Hours",
    "action_flag": 2,
    "change_message": "[{\"changed\": {\"fields\": [\"Name\"]}}]"
  }
},
{
  "model": "admin.logentry",
  "pk": 60,
  "fields": {
    "action_time": "2024-11-30T21:28:48.919Z",
    "user": 2,
    "content_type": 14,
    "object_id": "5",
    "object_repr": "GTMAX",
    "action_flag": 1,
    "change_message": "[{\"added\": {}}]"
  }
},
{
  "model": "admin.logentry",
  "pk": 61,
  "fields": {
    "action_time": "2024-11-30T21:29:19.999Z",
    "user": 2,
    "content_type": 14,
    "object_id": "5",
    "object_repr": "GTMAX",
    "action_flag": 2,
    "change_message": "[]"
  }
},
{
  "model": "admin.logentry",
  "pk": 62,
  "fields": {
    "action_time": "2024-11-30T21:30:02.170Z",
    "user": 2,
    "content_type": 14,
    "object_id": "6",
    "object_repr": "Fast Furious",
    "action_flag": 1,
    "change_message": "[{\"added\": {}}]"
  }
},
{
  "model": "admin.logentry",
  "pk": 63,
  "fields": {
    "action_time": "2024-11-30T21:31:01.310Z",
    "user": 2,
    "content_type": 14,
    "object_id": "7",
    "object_repr": "Fast Furious 2",
    "action_flag": 1,
    "change_message": "[{\"added\": {}}]"
  }
},
{
  "model": "admin.logentry",
  "pk": 64,
  "fields": {
    "action_time": "2024-12-03T12:24:47.482Z",
    "user": 2,
    "content_type": 10,
    "object_id": "2",
    "object_repr": "preview/under_paris.mp4",
    "action_flag": 1,
    "change_message": "[{\"added\": {}}]"
  }
},
{
  "model": "admin.logentry",
  "pk": 65,
  "fields": {
    "action_time": "2024-12-03T12:24:56.590Z",
    "user": 2,
    "content_type": 14,
    "object_id": "1",
    "object_repr": "Under Paris",
    "action_flag": 2,
    "change_message": "[{\"changed\": {\"fields\": [\"Film\"]}}]"
  }
},
{
  "model": "admin.logentry",
  "pk": 66,
  "fields": {
    "action_time": "2024-12-05T09:49:04.085Z",
    "user": 2,
    "content_type": 6,
    "object_id": "3",
    "object_repr": "Erik Arabyan",
    "action_flag": 2,
    "change_message": "[{\"changed\": {\"fields\": [\"Email address\"]}}]"
  }
},
{
  "model": "admin.logentry",
  "pk": 67,
  "fields": {
    "action_time": "2024-12-05T10:21:39.353Z",
    "user": 2,
    "content_type": 6,
    "object_id": "4",
    "object_repr": "Erik Arabyan",
    "action_flag": 3,
    "change_message": ""
  }
},
{
  "model": "admin.logentry",
  "pk": 68,
  "fields": {
    "action_time": "2024-12-05T10:22:26.427Z",
    "user": 2,
    "content_type": 6,
    "object_id": "5",
    "object_repr": "Erik Arabyan",
    "action_flag": 3,
    "change_message": ""
  }
},
{
  "model": "admin.logentry",
  "pk": 69,
  "fields": {
    "action_time": "2024-12-05T10:37:33.478Z",
    "user": 2,
    "content_type": 6,
    "object_id": "6",
    "object_repr": "Erik Arabyan",
    "action_flag": 3,
    "change_message": ""
  }
},
{
  "model": "admin.logentry",
  "pk": 70,
  "fields": {
    "action_time": "2024-12-05T11:02:26.482Z",
    "user": 2,
    "content_type": 6,
    "object_id": "7",
    "object_repr": "Erik Arabyan",
    "action_flag": 3,
    "change_message": ""
  }
},
{
  "model": "admin.logentry",
  "pk": 71,
  "fields": {
    "action_time": "2024-12-05T11:26:39.643Z",
    "user": 2,
    "content_type": 6,
    "object_id": "8",
    "object_repr": "Erik Arabyan",
    "action_flag": 2,
    "change_message": "[]"
  }
},
{
  "model": "admin.logentry",
  "pk": 72,
  "fields": {
    "action_time": "2024-12-05T11:26:45.122Z",
    "user": 2,
    "content_type": 6,
    "object_id": "8",
    "object_repr": "Erik Arabyan",
    "action_flag": 3,
    "change_message": ""
  }
},
{
  "model": "admin.logentry",
  "pk": 73,
  "fields": {
    "action_time": "2024-12-05T11:27:27.329Z",
    "user": 2,
    "content_type": 6,
    "object_id": "9",
    "object_repr": "Erik Arabyan",
    "action_flag": 3,
    "change_message": ""
  }
},
{
  "model": "auth.permission",
  "pk": 1,
  "fields": {
    "name": "Can add log entry",
    "content_type": 1,
    "codename": "add_logentry"
  }
},
{
  "model": "auth.permission",
  "pk": 2,
  "fields": {
    "name": "Can change log entry",
    "content_type": 1,
    "codename": "change_logentry"
  }
},
{
  "model": "auth.permission",
  "pk": 3,
  "fields": {
    "name": "Can delete log entry",
    "content_type": 1,
    "codename": "delete_logentry"
  }
},
{
  "model": "auth.permission",
  "pk": 4,
  "fields": {
    "name": "Can view log entry",
    "content_type": 1,
    "codename": "view_logentry"
  }
},
{
  "model": "auth.permission",
  "pk": 5,
  "fields": {
    "name": "Can add permission",
    "content_type": 2,
    "codename": "add_permission"
  }
},
{
  "model": "auth.permission",
  "pk": 6,
  "fields": {
    "name": "Can change permission",
    "content_type": 2,
    "codename": "change_permission"
  }
},
{
  "model": "auth.permission",
  "pk": 7,
  "fields": {
    "name": "Can delete permission",
    "content_type": 2,
    "codename": "delete_permission"
  }
},
{
  "model": "auth.permission",
  "pk": 8,
  "fields": {
    "name": "Can view permission",
    "content_type": 2,
    "codename": "view_permission"
  }
},
{
  "model": "auth.permission",
  "pk": 9,
  "fields": {
    "name": "Can add group",
    "content_type": 3,
    "codename": "add_group"
  }
},
{
  "model": "auth.permission",
  "pk": 10,
  "fields": {
    "name": "Can change group",
    "content_type": 3,
    "codename": "change_group"
  }
},
{
  "model": "auth.permission",
  "pk": 11,
  "fields": {
    "name": "Can delete group",
    "content_type": 3,
    "codename": "delete_group"
  }
},
{
  "model": "auth.permission",
  "pk": 12,
  "fields": {
    "name": "Can view group",
    "content_type": 3,
    "codename": "view_group"
  }
},
{
  "model": "auth.permission",
  "pk": 13,
  "fields": {
    "name": "Can add content type",
    "content_type": 4,
    "codename": "add_contenttype"
  }
},
{
  "model": "auth.permission",
  "pk": 14,
  "fields": {
    "name": "Can change content type",
    "content_type": 4,
    "codename": "change_contenttype"
  }
},
{
  "model": "auth.permission",
  "pk": 15,
  "fields": {
    "name": "Can delete content type",
    "content_type": 4,
    "codename": "delete_contenttype"
  }
},
{
  "model": "auth.permission",
  "pk": 16,
  "fields": {
    "name": "Can view content type",
    "content_type": 4,
    "codename": "view_contenttype"
  }
},
{
  "model": "auth.permission",
  "pk": 17,
  "fields": {
    "name": "Can add session",
    "content_type": 5,
    "codename": "add_session"
  }
},
{
  "model": "auth.permission",
  "pk": 18,
  "fields": {
    "name": "Can change session",
    "content_type": 5,
    "codename": "change_session"
  }
},
{
  "model": "auth.permission",
  "pk": 19,
  "fields": {
    "name": "Can delete session",
    "content_type": 5,
    "codename": "delete_session"
  }
},
{
  "model": "auth.permission",
  "pk": 20,
  "fields": {
    "name": "Can view session",
    "content_type": 5,
    "codename": "view_session"
  }
},
{
  "model": "auth.permission",
  "pk": 21,
  "fields": {
    "name": "Can add user",
    "content_type": 6,
    "codename": "add_user"
  }
},
{
  "model": "auth.permission",
  "pk": 22,
  "fields": {
    "name": "Can change user",
    "content_type": 6,
    "codename": "change_user"
  }
},
{
  "model": "auth.permission",
  "pk": 23,
  "fields": {
    "name": "Can delete user",
    "content_type": 6,
    "codename": "delete_user"
  }
},
{
  "model": "auth.permission",
  "pk": 24,
  "fields": {
    "name": "Can view user",
    "content_type": 6,
    "codename": "view_user"
  }
},
{
  "model": "auth.permission",
  "pk": 25,
  "fields": {
    "name": "Can add cinematography",
    "content_type": 7,
    "codename": "add_cinematography"
  }
},
{
  "model": "auth.permission",
  "pk": 26,
  "fields": {
    "name": "Can change cinematography",
    "content_type": 7,
    "codename": "change_cinematography"
  }
},
{
  "model": "auth.permission",
  "pk": 27,
  "fields": {
    "name": "Can delete cinematography",
    "content_type": 7,
    "codename": "delete_cinematography"
  }
},
{
  "model": "auth.permission",
  "pk": 28,
  "fields": {
    "name": "Can view cinematography",
    "content_type": 7,
    "codename": "view_cinematography"
  }
},
{
  "model": "auth.permission",
  "pk": 29,
  "fields": {
    "name": "Can add genre",
    "content_type": 8,
    "codename": "add_genre"
  }
},
{
  "model": "auth.permission",
  "pk": 30,
  "fields": {
    "name": "Can change genre",
    "content_type": 8,
    "codename": "change_genre"
  }
},
{
  "model": "auth.permission",
  "pk": 31,
  "fields": {
    "name": "Can delete genre",
    "content_type": 8,
    "codename": "delete_genre"
  }
},
{
  "model": "auth.permission",
  "pk": 32,
  "fields": {
    "name": "Can view genre",
    "content_type": 8,
    "codename": "view_genre"
  }
},
{
  "model": "auth.permission",
  "pk": 33,
  "fields": {
    "name": "Can add nomination",
    "content_type": 9,
    "codename": "add_nomination"
  }
},
{
  "model": "auth.permission",
  "pk": 34,
  "fields": {
    "name": "Can change nomination",
    "content_type": 9,
    "codename": "change_nomination"
  }
},
{
  "model": "auth.permission",
  "pk": 35,
  "fields": {
    "name": "Can delete nomination",
    "content_type": 9,
    "codename": "delete_nomination"
  }
},
{
  "model": "auth.permission",
  "pk": 36,
  "fields": {
    "name": "Can view nomination",
    "content_type": 9,
    "codename": "view_nomination"
  }
},
{
  "model": "auth.permission",
  "pk": 37,
  "fields": {
    "name": "Can add preview",
    "content_type": 10,
    "codename": "add_preview"
  }
},
{
  "model": "auth.permission",
  "pk": 38,
  "fields": {
    "name": "Can change preview",
    "content_type": 10,
    "codename": "change_preview"
  }
},
{
  "model": "auth.permission",
  "pk": 39,
  "fields": {
    "name": "Can delete preview",
    "content_type": 10,
    "codename": "delete_preview"
  }
},
{
  "model": "auth.permission",
  "pk": 40,
  "fields": {
    "name": "Can view preview",
    "content_type": 10,
    "codename": "view_preview"
  }
},
{
  "model": "auth.permission",
  "pk": 41,
  "fields": {
    "name": "Can add teaser",
    "content_type": 11,
    "codename": "add_teaser"
  }
},
{
  "model": "auth.permission",
  "pk": 42,
  "fields": {
    "name": "Can change teaser",
    "content_type": 11,
    "codename": "change_teaser"
  }
},
{
  "model": "auth.permission",
  "pk": 43,
  "fields": {
    "name": "Can delete teaser",
    "content_type": 11,
    "codename": "delete_teaser"
  }
},
{
  "model": "auth.permission",
  "pk": 44,
  "fields": {
    "name": "Can view teaser",
    "content_type": 11,
    "codename": "view_teaser"
  }
},
{
  "model": "auth.permission",
  "pk": 45,
  "fields": {
    "name": "Can add trailer",
    "content_type": 12,
    "codename": "add_trailer"
  }
},
{
  "model": "auth.permission",
  "pk": 46,
  "fields": {
    "name": "Can change trailer",
    "content_type": 12,
    "codename": "change_trailer"
  }
},
{
  "model": "auth.permission",
  "pk": 47,
  "fields": {
    "name": "Can delete trailer",
    "content_type": 12,
    "codename": "delete_trailer"
  }
},
{
  "model": "auth.permission",
  "pk": 48,
  "fields": {
    "name": "Can view trailer",
    "content_type": 12,
    "codename": "view_trailer"
  }
},
{
  "model": "auth.permission",
  "pk": 49,
  "fields": {
    "name": "Can add video",
    "content_type": 13,
    "codename": "add_video"
  }
},
{
  "model": "auth.permission",
  "pk": 50,
  "fields": {
    "name": "Can change video",
    "content_type": 13,
    "codename": "change_video"
  }
},
{
  "model": "auth.permission",
  "pk": 51,
  "fields": {
    "name": "Can delete video",
    "content_type": 13,
    "codename": "delete_video"
  }
},
{
  "model": "auth.permission",
  "pk": 52,
  "fields": {
    "name": "Can view video",
    "content_type": 13,
    "codename": "view_video"
  }
},
{
  "model": "auth.permission",
  "pk": 53,
  "fields": {
    "name": "Can add film",
    "content_type": 14,
    "codename": "add_film"
  }
},
{
  "model": "auth.permission",
  "pk": 54,
  "fields": {
    "name": "Can change film",
    "content_type": 14,
    "codename": "change_film"
  }
},
{
  "model": "auth.permission",
  "pk": 55,
  "fields": {
    "name": "Can delete film",
    "content_type": 14,
    "codename": "delete_film"
  }
},
{
  "model": "auth.permission",
  "pk": 56,
  "fields": {
    "name": "Can view film",
    "content_type": 14,
    "codename": "view_film"
  }
},
{
  "model": "auth.permission",
  "pk": 57,
  "fields": {
    "name": "Can add Token",
    "content_type": 15,
    "codename": "add_token"
  }
},
{
  "model": "auth.permission",
  "pk": 58,
  "fields": {
    "name": "Can change Token",
    "content_type": 15,
    "codename": "change_token"
  }
},
{
  "model": "auth.permission",
  "pk": 59,
  "fields": {
    "name": "Can delete Token",
    "content_type": 15,
    "codename": "delete_token"
  }
},
{
  "model": "auth.permission",
  "pk": 60,
  "fields": {
    "name": "Can view Token",
    "content_type": 15,
    "codename": "view_token"
  }
},
{
  "model": "auth.permission",
  "pk": 61,
  "fields": {
    "name": "Can add Token",
    "content_type": 16,
    "codename": "add_tokenproxy"
  }
},
{
  "model": "auth.permission",
  "pk": 62,
  "fields": {
    "name": "Can change Token",
    "content_type": 16,
    "codename": "change_tokenproxy"
  }
},
{
  "model": "auth.permission",
  "pk": 63,
  "fields": {
    "name": "Can delete Token",
    "content_type": 16,
    "codename": "delete_tokenproxy"
  }
},
{
  "model": "auth.permission",
  "pk": 64,
  "fields": {
    "name": "Can view Token",
    "content_type": 16,
    "codename": "view_tokenproxy"
  }
},
{
  "model": "auth.permission",
  "pk": 65,
  "fields": {
    "name": "Can add rate",
    "content_type": 17,
    "codename": "add_rate"
  }
},
{
  "model": "auth.permission",
  "pk": 66,
  "fields": {
    "name": "Can change rate",
    "content_type": 17,
    "codename": "change_rate"
  }
},
{
  "model": "auth.permission",
  "pk": 67,
  "fields": {
    "name": "Can delete rate",
    "content_type": 17,
    "codename": "delete_rate"
  }
},
{
  "model": "auth.permission",
  "pk": 68,
  "fields": {
    "name": "Can view rate",
    "content_type": 17,
    "codename": "view_rate"
  }
},
{
  "model": "auth.permission",
  "pk": 69,
  "fields": {
    "name": "Can add payment",
    "content_type": 18,
    "codename": "add_payment"
  }
},
{
  "model": "auth.permission",
  "pk": 70,
  "fields": {
    "name": "Can change payment",
    "content_type": 18,
    "codename": "change_payment"
  }
},
{
  "model": "auth.permission",
  "pk": 71,
  "fields": {
    "name": "Can delete payment",
    "content_type": 18,
    "codename": "delete_payment"
  }
},
{
  "model": "auth.permission",
  "pk": 72,
  "fields": {
    "name": "Can view payment",
    "content_type": 18,
    "codename": "view_payment"
  }
},
{
  "model": "auth.permission",
  "pk": 73,
  "fields": {
    "name": "Can add Singletone",
    "content_type": 19,
    "codename": "add_singletonemodel"
  }
},
{
  "model": "auth.permission",
  "pk": 74,
  "fields": {
    "name": "Can change Singletone",
    "content_type": 19,
    "codename": "change_singletonemodel"
  }
},
{
  "model": "auth.permission",
  "pk": 75,
  "fields": {
    "name": "Can delete Singletone",
    "content_type": 19,
    "codename": "delete_singletonemodel"
  }
},
{
  "model": "auth.permission",
  "pk": 76,
  "fields": {
    "name": "Can view Singletone",
    "content_type": 19,
    "codename": "view_singletonemodel"
  }
},
{
  "model": "sessions.session",
  "pk": "2apt190rlvhou31jbwcb4b2hm8fib8tj",
  "fields": {
    "session_data": ".eJxVjDkOwjAUBe_iGln-XuKEkp4zWH9xcAA5UpxUiLtDpBTQvpl5L5VwW0vaWl7SJOqsrDr9boT8yHUHcsd6mzXPdV0m0ruiD9r0dZb8vBzu30HBVr61F5bQG4E4YiRnGDKgReeNc0zEhj3waC2YITgKvUToCIIfIMROrKj3B-h1N3g:1tJC6f:0-_jmQFyml7rbjdjxeDYIeCddtsJpoapslH2SVAgiK0",
    "expire_date": "2024-12-19T13:41:25.729Z"
  }
},
{
  "model": "sessions.session",
  "pk": "59pbyda7la15gdbg4qidplv43bi8es5f",
  "fields": {
    "session_data": ".eJxVjDkOwjAUBe_iGln-XuKEkp4zWH9xcAA5UpxUiLtDpBTQvpl5L5VwW0vaWl7SJOqsrDr9boT8yHUHcsd6mzXPdV0m0ruiD9r0dZb8vBzu30HBVr61F5bQG4E4YiRnGDKgReeNc0zEhj3waC2YITgKvUToCIIfIMROrKj3B-h1N3g:1tGg0q:5Ea7FNTn435QRpAOoheL9Y37E8ceafmC7Aj4NEbBGxA",
    "expire_date": "2024-12-12T15:01:00.656Z"
  }
},
{
  "model": "sessions.session",
  "pk": "94lwxh2w0g7xsnb1opg1d88v7xeor89u",
  "fields": {
    "session_data": "eyJfcGFzc3dvcmRfcmVzZXRfdG9rZW4iOiIyYjhlNDQxY2E2YmYxYjNkZjQzZWI2NTJiNmU3Nzk2MjVmMGM5MTk4In0:1tHU1V:hysgKqUYpHtPfxz3YydcmNAdHXbXK6KGRrRiABRUQHo",
    "expire_date": "2024-12-14T20:25:01.191Z"
  }
},
{
  "model": "sessions.session",
  "pk": "9qoavou2h8jtdyxk0v2kdwqolq0mgl4n",
  "fields": {
    "session_data": "eyJfcGFzc3dvcmRfcmVzZXRfdG9rZW4iOiIyYjhlNDQxY2E2YmYxYjNkZjQzZWI2NTJiNmU3Nzk2MjVmMGM5MTk4In0:1tHTyC:Ows6tFBcb6qh7tnoBnSWYObzA_xOQz7_hOfwbO4Mkqo",
    "expire_date": "2024-12-14T20:21:36.375Z"
  }
},
{
  "model": "sessions.session",
  "pk": "jynk3g7j2a8m3ku7flbisfpnac5nrqmk",
  "fields": {
    "session_data": "eyJfcGFzc3dvcmRfcmVzZXRfdG9rZW4iOiI1NjE5ZDlhZDJhZWZiYmE1NWVkOTNiMTExYWQ1MWI1YTc2ZmRiZGI2In0:1tHUQh:Kk7d2ljtARacgZxX7kweR4bpHFSzJBJYc5IrSy7spXI",
    "expire_date": "2024-12-14T20:51:03.256Z"
  }
},
{
  "model": "sessions.session",
  "pk": "qyubj4ryw743urz2fg76n58xo3w1b3i7",
  "fields": {
    "session_data": "eyJfcGFzc3dvcmRfcmVzZXRfdG9rZW4iOiI1NjE5ZDlhZDJhZWZiYmE1NWVkOTNiMTExYWQ1MWI1YTc2ZmRiZGI2In0:1tIWYc:KWyu9mWT3pfDHHxNz2j6OX-3STlrlJsBgfdi5IVDyKw",
    "expire_date": "2024-12-17T17:19:30.992Z"
  }
},
{
  "model": "sessions.session",
  "pk": "wz9eldwjxr5tevcgs2k2n09l9qhigkhh",
  "fields": {
    "session_data": ".eJxVjDkOwjAUBe_iGln-XuKEkp4zWH9xcAA5UpxUiLtDpBTQvpl5L5VwW0vaWl7SJOqsrDr9boT8yHUHcsd6mzXPdV0m0ruiD9r0dZb8vBzu30HBVr61F5bQG4E4YiRnGDKgReeNc0zEhj3waC2YITgKvUToCIIfIMROrKj3B-h1N3g:1tHTyn:6cutr1wrMzReBXyYB6IZEQ8kxcVozngvU_gBzbH0RK4",
    "expire_date": "2024-12-14T20:22:13.747Z"
  }
},
{
  "model": "authentication.user",
  "pk": 2,
  "fields": {
    "password": "pbkdf2_sha256$870000$hL3qF93A020kJafsLjV6M0$J2TyAqwC8yboZlpNGBS7qePFFwlHFWk8AMhbAZizRtI=",
    "last_login": "2024-12-05T13:41:25.725Z",
    "is_superuser": true,
    "first_name": "Admin",
    "last_name": "Admin",
    "is_staff": true,
    "is_active": true,
    "date_joined": "2024-11-28T14:59:30.237Z",
    "verification_code": null,
    "trycount": 0,
    "image": "profile_images/profile_default.png",
    "email": "admin@mail.ru",
    "is_director": false,
    "is_distributor": false,
    "is_art_director": false,
    "is_editor": false,
    "rating": 0.0,
    "username": "user",
    "groups": [],
    "user_permissions": []
  }
},
{
  "model": "authentication.user",
  "pk": 3,
  "fields": {
    "password": "pbkdf2_sha256$870000$5pGN6wKWXZx3NQ5Hl05RiV$pzo2Lq/GopXudSKyR6B0EhKZVe7YJ5Isq6Cn4ESfOaY=",
    "last_login": null,
    "is_superuser": false,
    "first_name": "Erik",
    "last_name": "Arabyan",
    "is_staff": false,
    "is_active": true,
    "date_joined": "2024-11-30T05:58:58Z",
    "verification_code": null,
    "trycount": 0,
    "image": "profile_images/profile_default.png",
    "email": "arabyanerik123@gmail.com",
    "is_director": true,
    "is_distributor": true,
    "is_art_director": true,
    "is_editor": true,
    "rating": 0.0,
    "username": "Erik",
    "groups": [],
    "user_permissions": []
  }
},
{
  "model": "authentication.user",
  "pk": 11,
  "fields": {
    "password": "Hayk1234",
    "last_login": null,
    "is_superuser": false,
    "first_name": "Erik",
    "last_name": "Arabyan",
    "is_staff": false,
    "is_active": true,
    "date_joined": "2024-12-05T14:31:27.798Z",
    "verification_code": null,
    "trycount": 3,
    "image": "profile_images/profile_default.png",
    "email": "arabyanerik12@gmail.com",
    "is_director": false,
    "is_distributor": false,
    "is_art_director": false,
    "is_editor": false,
    "rating": 0.0,
    "username": "user",
    "groups": [],
    "user_permissions": []
  }
},
{
  "model": "main.cinematography",
  "pk": 1,
  "fields": {
    "name": "Netflix Film Studios"
  }
},
{
  "model": "main.cinematography",
  "pk": 2,
  "fields": {
    "name": "Warner Bros. Pictures"
  }
},
{
  "model": "main.cinematography",
  "pk": 3,
  "fields": {
    "name": "20th Century Studios (formerly 20th Fox)"
  }
},
{
  "model": "main.cinematography",
  "pk": 4,
  "fields": {
    "name": "Sony Pictures Motion Picture Group"
  }
},
{
  "model": "main.cinematography",
  "pk": 5,
  "fields": {
    "name": "Lionsgate Films"
  }
},
{
  "model": "main.cinematography",
  "pk": 6,
  "fields": {
    "name": "A24 Films"
  }
},
{
  "model": "main.cinematography",
  "pk": 7,
  "fields": {
    "name": "Bad Robot Productions"
  }
},
{
  "model": "main.cinematography",
  "pk": 8,
  "fields": {
    "name": "Legendary Entertainment"
  }
},
{
  "model": "main.cinematography",
  "pk": 9,
  "fields": {
    "name": "Focus Features"
  }
},
{
  "model": "main.cinematography",
  "pk": 10,
  "fields": {
    "name": "BBC Films"
  }
},
{
  "model": "main.nomination",
  "pk": 1,
  "fields": {
    "name": "Best picture"
  }
},
{
  "model": "main.nomination",
  "pk": 2,
  "fields": {
    "name": "Best actor"
  }
},
{
  "model": "main.nomination",
  "pk": 3,
  "fields": {
    "name": "Best actress"
  }
},
{
  "model": "main.nomination",
  "pk": 4,
  "fields": {
    "name": "Best supporting actress"
  }
},
{
  "model": "main.nomination",
  "pk": 5,
  "fields": {
    "name": "Best supporting actor"
  }
},
{
  "model": "main.nomination",
  "pk": 6,
  "fields": {
    "name": "Best director"
  }
},
{
  "model": "main.nomination",
  "pk": 7,
  "fields": {
    "name": "Best adapted screenplay"
  }
},
{
  "model": "main.nomination",
  "pk": 8,
  "fields": {
    "name": "Best original screenplay"
  }
},
{
  "model": "main.nomination",
  "pk": 9,
  "fields": {
    "name": "Best original song"
  }
},
{
  "model": "main.nomination",
  "pk": 10,
  "fields": {
    "name": "Best original score"
  }
},
{
  "model": "main.nomination",
  "pk": 11,
  "fields": {
    "name": "Best international feature"
  }
},
{
  "model": "main.nomination",
  "pk": 12,
  "fields": {
    "name": "Best animated feature"
  }
},
{
  "model": "main.nomination",
  "pk": 13,
  "fields": {
    "name": "Best documentary feature"
  }
},
{
  "model": "main.nomination",
  "pk": 14,
  "fields": {
    "name": "Best costume design"
  }
},
{
  "model": "main.nomination",
  "pk": 15,
  "fields": {
    "name": "Best make-up and hairstyling"
  }
},
{
  "model": "main.nomination",
  "pk": 16,
  "fields": {
    "name": "Best production design"
  }
},
{
  "model": "main.nomination",
  "pk": 17,
  "fields": {
    "name": "Best sound"
  }
},
{
  "model": "main.nomination",
  "pk": 18,
  "fields": {
    "name": "Best film editing"
  }
},
{
  "model": "main.nomination",
  "pk": 19,
  "fields": {
    "name": "Best cinematography"
  }
},
{
  "model": "main.nomination",
  "pk": 20,
  "fields": {
    "name": "Best visual effects"
  }
},
{
  "model": "main.nomination",
  "pk": 21,
  "fields": {
    "name": "Best live action short"
  }
},
{
  "model": "main.nomination",
  "pk": 22,
  "fields": {
    "name": "Best animated short"
  }
},
{
  "model": "main.nomination",
  "pk": 23,
  "fields": {
    "name": "Best documentary short"
  }
},
{
  "model": "main.film",
  "pk": 1,
  "fields": {
    "name": "Under Paris",
    "budget": 1000000,
    "release_date": "2024-12-01",
    "image": "images/1_SLqUq9p.jpg",
    "price": 10.0,
    "nominations": [
      1
    ],
    "cinematography": [
      1
    ],
    "directors": [
      3
    ],
    "distributed_by": [
      3
    ],
    "art_directors": [
      3
    ],
    "editors": [
      3
    ],
    "film": [
      1
    ],
    "preview": [
      1
    ],
    "trailer": [
      1
    ],
    "teaser": [
      1
    ],
    "genres": [
      1,
      9,
      10
    ]
  }
},
{
  "model": "main.film",
  "pk": 2,
  "fields": {
    "name": "Damsel",
    "budget": 5000000,
    "release_date": "2024-12-01",
    "image": "images/2_3fcyBCT.jpg",
    "price": 10.0,
    "nominations": [
      6
    ],
    "cinematography": [
      1
    ],
    "directors": [
      3
    ],
    "distributed_by": [
      3
    ],
    "art_directors": [
      3
    ],
    "editors": [
      3
    ],
    "film": [
      1
    ],
    "preview": [
      1
    ],
    "trailer": [
      1
    ],
    "teaser": [
      1
    ],
    "genres": [
      1,
      9,
      10
    ]
  }
},
{
  "model": "main.film",
  "pk": 3,
  "fields": {
    "name": "Unbroken",
    "budget": 6000000,
    "release_date": "2024-12-01",
    "image": "images/3_yEdSryv.jpg",
    "price": 10.0,
    "nominations": [
      1,
      2
    ],
    "cinematography": [
      3,
      10
    ],
    "directors": [
      3
    ],
    "distributed_by": [
      3
    ],
    "art_directors": [
      3
    ],
    "editors": [
      3
    ],
    "film": [
      1
    ],
    "preview": [
      1
    ],
    "trailer": [
      1
    ],
    "teaser": [
      1
    ],
    "genres": [
      1,
      2,
      4,
      9,
      10
    ]
  }
},
{
  "model": "main.film",
  "pk": 4,
  "fields": {
    "name": "13 Hours",
    "budget": 70000000,
    "release_date": "2024-12-01",
    "image": "images/4_kSiBiI2.jpg",
    "price": 10.0,
    "nominations": [
      1,
      3,
      7
    ],
    "cinematography": [
      1,
      6,
      8
    ],
    "directors": [
      3
    ],
    "distributed_by": [
      3
    ],
    "art_directors": [
      3
    ],
    "editors": [
      3
    ],
    "film": [
      1
    ],
    "preview": [
      1
    ],
    "trailer": [
      1
    ],
    "teaser": [
      1
    ],
    "genres": [
      1,
      4,
      7,
      10
    ]
  }
},
{
  "model": "main.film",
  "pk": 5,
  "fields": {
    "name": "GTMAX",
    "budget": 20000000,
    "release_date": "2024-12-01",
    "image": "images/5_Q2luFem.jpg",
    "price": 10.0,
    "nominations": [
      3,
      7
    ],
    "cinematography": [
      1,
      6
    ],
    "directors": [
      3
    ],
    "distributed_by": [
      3
    ],
    "art_directors": [
      3
    ],
    "editors": [
      3
    ],
    "film": [
      1
    ],
    "preview": [
      1
    ],
    "trailer": [
      1
    ],
    "teaser": [
      1
    ],
    "genres": [
      1,
      4,
      5,
      6,
      7,
      10
    ]
  }
},
{
  "model": "main.film",
  "pk": 6,
  "fields": {
    "name": "Fast Furious",
    "budget": 300000000,
    "release_date": "2024-12-01",
    "image": "images/6_vObOAaa.jpg",
    "price": 10.0,
    "nominations": [
      1,
      6
    ],
    "cinematography": [
      2,
      6
    ],
    "directors": [
      3
    ],
    "distributed_by": [
      3
    ],
    "art_directors": [
      3
    ],
    "editors": [
      3
    ],
    "film": [
      1
    ],
    "preview": [
      1
    ],
    "trailer": [
      1
    ],
    "teaser": [
      1
    ],
    "genres": [
      1,
      5,
      8,
      9,
      10
    ]
  }
},
{
  "model": "main.film",
  "pk": 7,
  "fields": {
    "name": "Fast Furious 2",
    "budget": 400000,
    "release_date": "2024-12-01",
    "image": "images/7_QOACXNo.jpg",
    "price": 10.0,
    "nominations": [
      1,
      4,
      7
    ],
    "cinematography": [
      3,
      5,
      8,
      9,
      10
    ],
    "directors": [
      3
    ],
    "distributed_by": [
      3
    ],
    "art_directors": [
      3
    ],
    "editors": [
      3
    ],
    "film": [
      1
    ],
    "preview": [
      1
    ],
    "trailer": [
      1
    ],
    "teaser": [
      1
    ],
    "genres": [
      1,
      5,
      10
    ]
  }
},
{
  "model": "main.rate",
  "pk": 1,
  "fields": {
    "user": 2,
    "film": 1,
    "rated": 10
  }
},
{
  "model": "main.rate",
  "pk": 2,
  "fields": {
    "user": 2,
    "film": 5,
    "rated": 1
  }
},
{
  "model": "main.genre",
  "pk": 1,
  "fields": {
    "name": "Action"
  }
},
{
  "model": "main.genre",
  "pk": 2,
  "fields": {
    "name": "Drama"
  }
},
{
  "model": "main.genre",
  "pk": 3,
  "fields": {
    "name": "Comedy"
  }
},
{
  "model": "main.genre",
  "pk": 4,
  "fields": {
    "name": "Thriller"
  }
},
{
  "model": "main.genre",
  "pk": 5,
  "fields": {
    "name": "Horror"
  }
},
{
  "model": "main.genre",
  "pk": 6,
  "fields": {
    "name": "Romance"
  }
},
{
  "model": "main.genre",
  "pk": 7,
  "fields": {
    "name": "Science Fiction"
  }
},
{
  "model": "main.genre",
  "pk": 8,
  "fields": {
    "name": "Fantasy"
  }
},
{
  "model": "main.genre",
  "pk": 9,
  "fields": {
    "name": "Adventure"
  }
},
{
  "model": "main.genre",
  "pk": 10,
  "fields": {
    "name": "Documentary"
  }
},
{
  "model": "main.video",
  "pk": 1,
  "fields": {
    "video": "films/Paul_Anka__Put_Your_Head_On_My_Shoulder_Letra__video.mp4"
  }
},
{
  "model": "main.preview",
  "pk": 1,
  "fields": {
    "video": "preview/Paul_Anka__Put_Your_Head_On_My_Shoulder_Letra__video.mp4"
  }
},
{
  "model": "main.preview",
  "pk": 2,
  "fields": {
    "video": "preview/under_paris.mp4"
  }
},
{
  "model": "main.trailer",
  "pk": 1,
  "fields": {
    "trailer": "trailers/Paul_Anka__Put_Your_Head_On_My_Shoulder_Letra__video.mp4"
  }
},
{
  "model": "main.teaser",
  "pk": 1,
  "fields": {
    "teaser": "teasers/Paul_Anka__Put_Your_Head_On_My_Shoulder_Letra__video.mp4"
  }
},
{
  "model": "authtoken.token",
  "pk": "d01d3d91ef5c7474cb98fb37e433b5387a84fb27",
  "fields": {
    "user": 2,
    "created": "2024-12-18T14:26:41.053Z"
  }
},
{
  "model": "payments.payment",
  "pk": 1,
  "fields": {
    "checkout_session_id": "cs_test_a1ImRorXlTB6a5O5hPzfODXTrIpCXzkPV0dXezQB3sVXwQtsm9qJmMtLsi",
    "user": 2
  }
},
{
  "model": "payments.payment",
  "pk": 2,
  "fields": {
    "checkout_session_id": "cs_test_a1ImRorXlTB6a5O5hPzfODXTrIpCXzkPV0dXezQB3sVXwQtsm9qJmMtLsi",
    "user": 2
  }
},
{
  "model": "payments.payment",
  "pk": 3,
  "fields": {
    "checkout_session_id": "cs_test_a1V96q10ERUnxEo7TJIotdRNxbctdZqRzQuFBzk3N5sflDRWaXawboDCDy",
    "user": 2
  }
},
{
  "model": "payments.payment",
  "pk": 4,
  "fields": {
    "checkout_session_id": "cs_test_a1PpndlHMcOJqPfcPbBFLrrxo8fbTGWaKOAq31RzLMuJ0fNpBGRlrB0R4m",
    "user": 2
  }
},
{
  "model": "payments.payment",
  "pk": 5,
  "fields": {
    "checkout_session_id": "cs_test_a1ZGAnikRsyzQ7blheYX1Ly1vFRimWltmm8uAleheTaT5NRcz0B4UjoxRA",
    "user": 2
  }
},
{
  "model": "payments.payment",
  "pk": 6,
  "fields": {
    "checkout_session_id": "cs_test_a1vLOfa3DqIExo4SLdhxGTedpkl37iQEPHM6zDzpYvbM2wZkJuhQafuEQU",
    "user": 2
  }
},
{
  "model": "singletone.singletonemodel",
  "pk": 1,
  "fields": {
    "front_URL": "https://192.168.1.213:3000"
  }
}
]
